{
    "loss": 0.6512064933776855,
    "accuracy": 0.667421817779541
}